model,barrier_type,accuracy,roc_auc,f1_score,precision,recall
Logistic Regression,Household Barrier,0.7298,0.6586,0.0577,0.5458,0.0304
Logistic Regression,Logistical Barrier,0.6896,0.6603,0.1635,0.5512,0.096
Logistic Regression,Health Health Facility Barrier,0.5819,0.6112,0.4904,0.5582,0.4372
Decision Tree,Household Barrier,0.7305,0.6511,0.0623,0.5642,0.033
Decision Tree,Logistical Barrier,0.6897,0.6566,0.137,0.5658,0.0779
Decision Tree,Health Health Facility Barrier,0.5809,0.6058,0.5115,0.5515,0.4768
Random Forest,Household Barrier,0.6075,0.6607,0.4682,0.3704,0.6361
Random Forest,Logistical Barrier,0.6096,0.6682,0.5139,0.4237,0.6531
Random Forest,Health Health Facility Barrier,0.5801,0.6172,0.5638,0.54,0.5898
